repeat,mode,benchmark,metric,bytes,value
1,native,latency,latency_us,1,4.42
1,native,latency,latency_us,2,4.46
1,native,latency,latency_us,4,4.45
1,native,latency,latency_us,8,4.44
1,native,latency,latency_us,16,4.45
1,native,latency,latency_us,32,4.46
1,native,latency,latency_us,64,4.48
1,native,latency,latency_us,128,4.46
1,native,latency,latency_us,256,4.50
1,native,latency,latency_us,512,4.54
1,native,latency,latency_us,1024,4.66
1,native,latency,latency_us,2048,5.60
1,native,latency,latency_us,4096,6.09
1,native,latency,latency_us,8192,6.89
1,native,latency,latency_us,16384,8.74
1,native,latency,latency_us,32768,13.40
1,native,latency,latency_us,65536,29.79
1,native,latency,latency_us,131072,49.01
1,native,latency,latency_us,262144,66.53
1,native,latency,latency_us,524288,93.60
1,native,latency,latency_us,1048576,147.00
1,native,latency,latency_us,2097152,324.92
1,native,latency,latency_us,4194304,636.62
1,native,bandwidth,bandwidth_MBps,1,0.26
1,native,bandwidth,bandwidth_MBps,2,0.53
1,native,bandwidth,bandwidth_MBps,4,1.06
1,native,bandwidth,bandwidth_MBps,8,2.13
1,native,bandwidth,bandwidth_MBps,16,4.22
1,native,bandwidth,bandwidth_MBps,32,8.45
1,native,bandwidth,bandwidth_MBps,64,16.89
1,native,bandwidth,bandwidth_MBps,128,33.66
1,native,bandwidth,bandwidth_MBps,256,59.37
1,native,bandwidth,bandwidth_MBps,512,118.06
1,native,bandwidth,bandwidth_MBps,1024,235.02
1,native,bandwidth,bandwidth_MBps,2048,431.45
1,native,bandwidth,bandwidth_MBps,4096,786.49
1,native,bandwidth,bandwidth_MBps,8192,1397.26
1,native,bandwidth,bandwidth_MBps,16384,2308.85
1,native,bandwidth,bandwidth_MBps,32768,3512.75
1,native,bandwidth,bandwidth_MBps,65536,2816.77
1,native,bandwidth,bandwidth_MBps,131072,3150.93
1,native,bandwidth,bandwidth_MBps,262144,4083.04
1,native,bandwidth,bandwidth_MBps,524288,4968.82
1,native,bandwidth,bandwidth_MBps,1048576,5894.44
1,native,bandwidth,bandwidth_MBps,2097152,6106.25
1,native,bandwidth,bandwidth_MBps,4194304,6416.81
1,container,latency,latency_us,1,4.36
1,container,latency,latency_us,2,4.32
1,container,latency,latency_us,4,4.33
1,container,latency,latency_us,8,4.33
1,container,latency,latency_us,16,4.33
1,container,latency,latency_us,32,4.34
1,container,latency,latency_us,64,4.36
1,container,latency,latency_us,128,4.38
1,container,latency,latency_us,256,4.40
1,container,latency,latency_us,512,4.46
1,container,latency,latency_us,1024,4.57
1,container,latency,latency_us,2048,5.46
1,container,latency,latency_us,4096,5.92
1,container,latency,latency_us,8192,6.74
1,container,latency,latency_us,16384,8.59
1,container,latency,latency_us,32768,13.32
1,container,latency,latency_us,65536,30.14
1,container,latency,latency_us,131072,51.75
1,container,latency,latency_us,262144,68.80
1,container,latency,latency_us,524288,93.65
1,container,latency,latency_us,1048576,151.90
1,container,latency,latency_us,2097152,290.81
1,container,latency,latency_us,4194304,570.54
1,container,bandwidth,bandwidth_MBps,1,0.27
1,container,bandwidth,bandwidth_MBps,2,0.53
1,container,bandwidth,bandwidth_MBps,4,1.06
1,container,bandwidth,bandwidth_MBps,8,2.13
1,container,bandwidth,bandwidth_MBps,16,4.27
1,container,bandwidth,bandwidth_MBps,32,8.51
1,container,bandwidth,bandwidth_MBps,64,16.99
1,container,bandwidth,bandwidth_MBps,128,33.89
1,container,bandwidth,bandwidth_MBps,256,59.15
1,container,bandwidth,bandwidth_MBps,512,119.25
1,container,bandwidth,bandwidth_MBps,1024,234.39
1,container,bandwidth,bandwidth_MBps,2048,429.06
1,container,bandwidth,bandwidth_MBps,4096,788.35
1,container,bandwidth,bandwidth_MBps,8192,1400.22
1,container,bandwidth,bandwidth_MBps,16384,2322.66
1,container,bandwidth,bandwidth_MBps,32768,3522.94
1,container,bandwidth,bandwidth_MBps,65536,2810.37
1,container,bandwidth,bandwidth_MBps,131072,3152.18
1,container,bandwidth,bandwidth_MBps,262144,4060.92
1,container,bandwidth,bandwidth_MBps,524288,4949.85
1,container,bandwidth,bandwidth_MBps,1048576,5833.71
1,container,bandwidth,bandwidth_MBps,2097152,6082.02
1,container,bandwidth,bandwidth_MBps,4194304,6156.69
2,native,latency,latency_us,1,4.45
2,native,latency,latency_us,2,4.44
2,native,latency,latency_us,4,4.46
2,native,latency,latency_us,8,4.44
2,native,latency,latency_us,16,4.45
2,native,latency,latency_us,32,4.46
2,native,latency,latency_us,64,4.49
2,native,latency,latency_us,128,4.50
2,native,latency,latency_us,256,4.55
2,native,latency,latency_us,512,4.59
2,native,latency,latency_us,1024,4.69
2,native,latency,latency_us,2048,5.63
2,native,latency,latency_us,4096,6.13
2,native,latency,latency_us,8192,6.91
2,native,latency,latency_us,16384,8.73
2,native,latency,latency_us,32768,13.37
2,native,latency,latency_us,65536,30.28
2,native,latency,latency_us,131072,51.48
2,native,latency,latency_us,262144,66.63
2,native,latency,latency_us,524288,92.35
2,native,latency,latency_us,1048576,148.20
2,native,latency,latency_us,2097152,294.81
2,native,latency,latency_us,4194304,575.86
2,native,bandwidth,bandwidth_MBps,1,0.26
2,native,bandwidth,bandwidth_MBps,2,0.53
2,native,bandwidth,bandwidth_MBps,4,1.06
2,native,bandwidth,bandwidth_MBps,8,2.12
2,native,bandwidth,bandwidth_MBps,16,4.24
2,native,bandwidth,bandwidth_MBps,32,8.51
2,native,bandwidth,bandwidth_MBps,64,16.94
2,native,bandwidth,bandwidth_MBps,128,33.60
2,native,bandwidth,bandwidth_MBps,256,59.05
2,native,bandwidth,bandwidth_MBps,512,117.19
2,native,bandwidth,bandwidth_MBps,1024,232.45
2,native,bandwidth,bandwidth_MBps,2048,419.60
2,native,bandwidth,bandwidth_MBps,4096,779.42
2,native,bandwidth,bandwidth_MBps,8192,1356.07
2,native,bandwidth,bandwidth_MBps,16384,2268.65
2,native,bandwidth,bandwidth_MBps,32768,3514.59
2,native,bandwidth,bandwidth_MBps,65536,2796.71
2,native,bandwidth,bandwidth_MBps,131072,3143.87
2,native,bandwidth,bandwidth_MBps,262144,4032.99
2,native,bandwidth,bandwidth_MBps,524288,4888.21
2,native,bandwidth,bandwidth_MBps,1048576,5756.09
2,native,bandwidth,bandwidth_MBps,2097152,6060.23
2,native,bandwidth,bandwidth_MBps,4194304,6219.37
2,container,latency,latency_us,1,4.48
2,container,latency,latency_us,2,4.47
2,container,latency,latency_us,4,4.47
2,container,latency,latency_us,8,4.46
2,container,latency,latency_us,16,4.46
2,container,latency,latency_us,32,4.48
2,container,latency,latency_us,64,4.51
2,container,latency,latency_us,128,4.51
2,container,latency,latency_us,256,4.52
2,container,latency,latency_us,512,4.58
2,container,latency,latency_us,1024,4.68
2,container,latency,latency_us,2048,5.53
2,container,latency,latency_us,4096,6.05
2,container,latency,latency_us,8192,6.87
2,container,latency,latency_us,16384,8.75
2,container,latency,latency_us,32768,13.45
2,container,latency,latency_us,65536,29.88
2,container,latency,latency_us,131072,48.75
2,container,latency,latency_us,262144,66.98
2,container,latency,latency_us,524288,92.26
2,container,latency,latency_us,1048576,155.81
2,container,latency,latency_us,2097152,293.71
2,container,latency,latency_us,4194304,578.99
2,container,bandwidth,bandwidth_MBps,1,0.26
2,container,bandwidth,bandwidth_MBps,2,0.53
2,container,bandwidth,bandwidth_MBps,4,1.06
2,container,bandwidth,bandwidth_MBps,8,2.12
2,container,bandwidth,bandwidth_MBps,16,4.23
2,container,bandwidth,bandwidth_MBps,32,8.48
2,container,bandwidth,bandwidth_MBps,64,16.92
2,container,bandwidth,bandwidth_MBps,128,33.67
2,container,bandwidth,bandwidth_MBps,256,59.41
2,container,bandwidth,bandwidth_MBps,512,118.15
2,container,bandwidth,bandwidth_MBps,1024,234.34
2,container,bandwidth,bandwidth_MBps,2048,433.04
2,container,bandwidth,bandwidth_MBps,4096,782.88
2,container,bandwidth,bandwidth_MBps,8192,1388.20
2,container,bandwidth,bandwidth_MBps,16384,2305.60
2,container,bandwidth,bandwidth_MBps,32768,3517.48
2,container,bandwidth,bandwidth_MBps,65536,2823.39
2,container,bandwidth,bandwidth_MBps,131072,3166.60
2,container,bandwidth,bandwidth_MBps,262144,4043.06
2,container,bandwidth,bandwidth_MBps,524288,4935.75
2,container,bandwidth,bandwidth_MBps,1048576,5828.47
2,container,bandwidth,bandwidth_MBps,2097152,6043.87
2,container,bandwidth,bandwidth_MBps,4194304,6289.98
3,native,latency,latency_us,1,4.44
3,native,latency,latency_us,2,4.42
3,native,latency,latency_us,4,4.40
3,native,latency,latency_us,8,4.39
3,native,latency,latency_us,16,4.40
3,native,latency,latency_us,32,4.41
3,native,latency,latency_us,64,4.42
3,native,latency,latency_us,128,4.44
3,native,latency,latency_us,256,4.47
3,native,latency,latency_us,512,4.53
3,native,latency,latency_us,1024,4.64
3,native,latency,latency_us,2048,5.52
3,native,latency,latency_us,4096,6.05
3,native,latency,latency_us,8192,6.83
3,native,latency,latency_us,16384,8.74
3,native,latency,latency_us,32768,13.45
3,native,latency,latency_us,65536,29.77
3,native,latency,latency_us,131072,49.19
3,native,latency,latency_us,262144,66.76
3,native,latency,latency_us,524288,92.78
3,native,latency,latency_us,1048576,147.05
3,native,latency,latency_us,2097152,292.13
3,native,latency,latency_us,4194304,584.50
3,native,bandwidth,bandwidth_MBps,1,0.26
3,native,bandwidth,bandwidth_MBps,2,0.53
3,native,bandwidth,bandwidth_MBps,4,1.06
3,native,bandwidth,bandwidth_MBps,8,2.12
3,native,bandwidth,bandwidth_MBps,16,4.25
3,native,bandwidth,bandwidth_MBps,32,8.49
3,native,bandwidth,bandwidth_MBps,64,16.93
3,native,bandwidth,bandwidth_MBps,128,33.75
3,native,bandwidth,bandwidth_MBps,256,59.29
3,native,bandwidth,bandwidth_MBps,512,118.46
3,native,bandwidth,bandwidth_MBps,1024,233.98
3,native,bandwidth,bandwidth_MBps,2048,431.52
3,native,bandwidth,bandwidth_MBps,4096,785.79
3,native,bandwidth,bandwidth_MBps,8192,1400.53
3,native,bandwidth,bandwidth_MBps,16384,2320.79
3,native,bandwidth,bandwidth_MBps,32768,3548.86
3,native,bandwidth,bandwidth_MBps,65536,2839.23
3,native,bandwidth,bandwidth_MBps,131072,3172.24
3,native,bandwidth,bandwidth_MBps,262144,4066.68
3,native,bandwidth,bandwidth_MBps,524288,4974.31
3,native,bandwidth,bandwidth_MBps,1048576,5865.75
3,native,bandwidth,bandwidth_MBps,2097152,6028.13
3,native,bandwidth,bandwidth_MBps,4194304,6251.24
3,container,latency,latency_us,1,4.36
3,container,latency,latency_us,2,4.35
3,container,latency,latency_us,4,4.42
3,container,latency,latency_us,8,4.38
3,container,latency,latency_us,16,4.46
3,container,latency,latency_us,32,4.47
3,container,latency,latency_us,64,4.50
3,container,latency,latency_us,128,4.50
3,container,latency,latency_us,256,4.52
3,container,latency,latency_us,512,4.57
3,container,latency,latency_us,1024,4.68
3,container,latency,latency_us,2048,5.49
3,container,latency,latency_us,4096,6.04
3,container,latency,latency_us,8192,6.88
3,container,latency,latency_us,16384,8.71
3,container,latency,latency_us,32768,13.48
3,container,latency,latency_us,65536,30.36
3,container,latency,latency_us,131072,48.83
3,container,latency,latency_us,262144,65.36
3,container,latency,latency_us,524288,93.48
3,container,latency,latency_us,1048576,149.71
3,container,latency,latency_us,2097152,302.18
3,container,latency,latency_us,4194304,578.28
3,container,bandwidth,bandwidth_MBps,1,0.26
3,container,bandwidth,bandwidth_MBps,2,0.53
3,container,bandwidth,bandwidth_MBps,4,1.06
3,container,bandwidth,bandwidth_MBps,8,2.12
3,container,bandwidth,bandwidth_MBps,16,4.24
3,container,bandwidth,bandwidth_MBps,32,8.51
3,container,bandwidth,bandwidth_MBps,64,17.01
3,container,bandwidth,bandwidth_MBps,128,33.78
3,container,bandwidth,bandwidth_MBps,256,59.55
3,container,bandwidth,bandwidth_MBps,512,118.49
3,container,bandwidth,bandwidth_MBps,1024,235.47
3,container,bandwidth,bandwidth_MBps,2048,432.70
3,container,bandwidth,bandwidth_MBps,4096,785.39
3,container,bandwidth,bandwidth_MBps,8192,1396.22
3,container,bandwidth,bandwidth_MBps,16384,2322.20
3,container,bandwidth,bandwidth_MBps,32768,3530.07
3,container,bandwidth,bandwidth_MBps,65536,2796.01
3,container,bandwidth,bandwidth_MBps,131072,3175.25
3,container,bandwidth,bandwidth_MBps,262144,4068.82
3,container,bandwidth,bandwidth_MBps,524288,4937.55
3,container,bandwidth,bandwidth_MBps,1048576,5855.08
3,container,bandwidth,bandwidth_MBps,2097152,6121.69
3,container,bandwidth,bandwidth_MBps,4194304,6317.79
4,native,latency,latency_us,1,4.41
4,native,latency,latency_us,2,4.39
4,native,latency,latency_us,4,4.40
4,native,latency,latency_us,8,4.39
4,native,latency,latency_us,16,4.40
4,native,latency,latency_us,32,4.41
4,native,latency,latency_us,64,4.42
4,native,latency,latency_us,128,4.44
4,native,latency,latency_us,256,4.47
4,native,latency,latency_us,512,4.54
4,native,latency,latency_us,1024,4.62
4,native,latency,latency_us,2048,5.54
4,native,latency,latency_us,4096,6.02
4,native,latency,latency_us,8192,6.82
4,native,latency,latency_us,16384,8.70
4,native,latency,latency_us,32768,13.39
4,native,latency,latency_us,65536,30.47
4,native,latency,latency_us,131072,48.81
4,native,latency,latency_us,262144,64.38
4,native,latency,latency_us,524288,91.69
4,native,latency,latency_us,1048576,148.72
4,native,latency,latency_us,2097152,291.24
4,native,latency,latency_us,4194304,576.13
4,native,bandwidth,bandwidth_MBps,1,0.26
4,native,bandwidth,bandwidth_MBps,2,0.53
4,native,bandwidth,bandwidth_MBps,4,1.06
4,native,bandwidth,bandwidth_MBps,8,2.13
4,native,bandwidth,bandwidth_MBps,16,4.24
4,native,bandwidth,bandwidth_MBps,32,8.47
4,native,bandwidth,bandwidth_MBps,64,16.97
4,native,bandwidth,bandwidth_MBps,128,33.70
4,native,bandwidth,bandwidth_MBps,256,67.10
4,native,bandwidth,bandwidth_MBps,512,118.00
4,native,bandwidth,bandwidth_MBps,1024,232.85
4,native,bandwidth,bandwidth_MBps,2048,422.56
4,native,bandwidth,bandwidth_MBps,4096,780.70
4,native,bandwidth,bandwidth_MBps,8192,1385.46
4,native,bandwidth,bandwidth_MBps,16384,2280.30
4,native,bandwidth,bandwidth_MBps,32768,3508.32
4,native,bandwidth,bandwidth_MBps,65536,2800.90
4,native,bandwidth,bandwidth_MBps,131072,3137.34
4,native,bandwidth,bandwidth_MBps,262144,4088.61
4,native,bandwidth,bandwidth_MBps,524288,4952.17
4,native,bandwidth,bandwidth_MBps,1048576,5906.95
4,native,bandwidth,bandwidth_MBps,2097152,6121.37
4,native,bandwidth,bandwidth_MBps,4194304,6511.11
4,container,latency,latency_us,1,4.43
4,container,latency,latency_us,2,4.44
4,container,latency,latency_us,4,4.41
4,container,latency,latency_us,8,4.44
4,container,latency,latency_us,16,4.46
4,container,latency,latency_us,32,4.48
4,container,latency,latency_us,64,4.48
4,container,latency,latency_us,128,4.46
4,container,latency,latency_us,256,4.50
4,container,latency,latency_us,512,4.55
4,container,latency,latency_us,1024,4.66
4,container,latency,latency_us,2048,5.50
4,container,latency,latency_us,4096,5.97
4,container,latency,latency_us,8192,6.80
4,container,latency,latency_us,16384,8.72
4,container,latency,latency_us,32768,13.36
4,container,latency,latency_us,65536,29.30
4,container,latency,latency_us,131072,49.04
4,container,latency,latency_us,262144,64.81
4,container,latency,latency_us,524288,93.01
4,container,latency,latency_us,1048576,147.27
4,container,latency,latency_us,2097152,294.91
4,container,latency,latency_us,4194304,590.65
4,container,bandwidth,bandwidth_MBps,1,0.26
4,container,bandwidth,bandwidth_MBps,2,0.53
4,container,bandwidth,bandwidth_MBps,4,1.06
4,container,bandwidth,bandwidth_MBps,8,2.13
4,container,bandwidth,bandwidth_MBps,16,4.26
4,container,bandwidth,bandwidth_MBps,32,8.50
4,container,bandwidth,bandwidth_MBps,64,17.01
4,container,bandwidth,bandwidth_MBps,128,33.85
4,container,bandwidth,bandwidth_MBps,256,59.15
4,container,bandwidth,bandwidth_MBps,512,118.80
4,container,bandwidth,bandwidth_MBps,1024,234.44
4,container,bandwidth,bandwidth_MBps,2048,426.12
4,container,bandwidth,bandwidth_MBps,4096,787.47
4,container,bandwidth,bandwidth_MBps,8192,1395.35
4,container,bandwidth,bandwidth_MBps,16384,2301.14
4,container,bandwidth,bandwidth_MBps,32768,3519.86
4,container,bandwidth,bandwidth_MBps,65536,2830.66
4,container,bandwidth,bandwidth_MBps,131072,3167.12
4,container,bandwidth,bandwidth_MBps,262144,4045.95
4,container,bandwidth,bandwidth_MBps,524288,4839.24
4,container,bandwidth,bandwidth_MBps,1048576,5815.54
4,container,bandwidth,bandwidth_MBps,2097152,6077.29
4,container,bandwidth,bandwidth_MBps,4194304,6113.32
5,native,latency,latency_us,1,4.26
5,native,latency,latency_us,2,4.26
5,native,latency,latency_us,4,4.46
5,native,latency,latency_us,8,4.35
5,native,latency,latency_us,16,4.34
5,native,latency,latency_us,32,4.36
5,native,latency,latency_us,64,4.36
5,native,latency,latency_us,128,4.38
5,native,latency,latency_us,256,4.41
5,native,latency,latency_us,512,4.46
5,native,latency,latency_us,1024,4.55
5,native,latency,latency_us,2048,5.42
5,native,latency,latency_us,4096,5.90
5,native,latency,latency_us,8192,6.70
5,native,latency,latency_us,16384,8.52
5,native,latency,latency_us,32768,13.14
5,native,latency,latency_us,65536,30.36
5,native,latency,latency_us,131072,51.18
5,native,latency,latency_us,262144,64.82
5,native,latency,latency_us,524288,92.44
5,native,latency,latency_us,1048576,146.32
5,native,latency,latency_us,2097152,290.74
5,native,latency,latency_us,4194304,571.15
5,native,bandwidth,bandwidth_MBps,1,0.26
5,native,bandwidth,bandwidth_MBps,2,0.53
5,native,bandwidth,bandwidth_MBps,4,1.06
5,native,bandwidth,bandwidth_MBps,8,2.13
5,native,bandwidth,bandwidth_MBps,16,4.24
5,native,bandwidth,bandwidth_MBps,32,8.49
5,native,bandwidth,bandwidth_MBps,64,16.97
5,native,bandwidth,bandwidth_MBps,128,33.79
5,native,bandwidth,bandwidth_MBps,256,59.12
5,native,bandwidth,bandwidth_MBps,512,118.02
5,native,bandwidth,bandwidth_MBps,1024,235.09
5,native,bandwidth,bandwidth_MBps,2048,431.43
5,native,bandwidth,bandwidth_MBps,4096,792.84
5,native,bandwidth,bandwidth_MBps,8192,1398.68
5,native,bandwidth,bandwidth_MBps,16384,2315.81
5,native,bandwidth,bandwidth_MBps,32768,3526.17
5,native,bandwidth,bandwidth_MBps,65536,2814.92
5,native,bandwidth,bandwidth_MBps,131072,3114.68
5,native,bandwidth,bandwidth_MBps,262144,4057.30
5,native,bandwidth,bandwidth_MBps,524288,4921.18
5,native,bandwidth,bandwidth_MBps,1048576,5778.65
5,native,bandwidth,bandwidth_MBps,2097152,6035.25
5,native,bandwidth,bandwidth_MBps,4194304,6204.74
5,container,latency,latency_us,1,4.36
5,container,latency,latency_us,2,4.36
5,container,latency,latency_us,4,4.36
5,container,latency,latency_us,8,4.37
5,container,latency,latency_us,16,4.36
5,container,latency,latency_us,32,4.37
5,container,latency,latency_us,64,4.37
5,container,latency,latency_us,128,4.40
5,container,latency,latency_us,256,4.41
5,container,latency,latency_us,512,4.47
5,container,latency,latency_us,1024,4.60
5,container,latency,latency_us,2048,5.47
5,container,latency,latency_us,4096,5.94
5,container,latency,latency_us,8192,6.74
5,container,latency,latency_us,16384,8.61
5,container,latency,latency_us,32768,13.55
5,container,latency,latency_us,65536,31.19
5,container,latency,latency_us,131072,53.99
5,container,latency,latency_us,262144,66.91
5,container,latency,latency_us,524288,93.95
5,container,latency,latency_us,1048576,148.51
5,container,latency,latency_us,2097152,294.19
5,container,latency,latency_us,4194304,585.80
5,container,bandwidth,bandwidth_MBps,1,0.26
5,container,bandwidth,bandwidth_MBps,2,0.53
5,container,bandwidth,bandwidth_MBps,4,1.06
5,container,bandwidth,bandwidth_MBps,8,2.12
5,container,bandwidth,bandwidth_MBps,16,4.24
5,container,bandwidth,bandwidth_MBps,32,8.46
5,container,bandwidth,bandwidth_MBps,64,16.98
5,container,bandwidth,bandwidth_MBps,128,33.75
5,container,bandwidth,bandwidth_MBps,256,59.00
5,container,bandwidth,bandwidth_MBps,512,118.50
5,container,bandwidth,bandwidth_MBps,1024,232.58
5,container,bandwidth,bandwidth_MBps,2048,429.63
5,container,bandwidth,bandwidth_MBps,4096,786.81
5,container,bandwidth,bandwidth_MBps,8192,1389.27
5,container,bandwidth,bandwidth_MBps,16384,2306.56
5,container,bandwidth,bandwidth_MBps,32768,3495.94
5,container,bandwidth,bandwidth_MBps,65536,2809.50
5,container,bandwidth,bandwidth_MBps,131072,3159.86
5,container,bandwidth,bandwidth_MBps,262144,4050.09
5,container,bandwidth,bandwidth_MBps,524288,4943.95
5,container,bandwidth,bandwidth_MBps,1048576,5777.06
5,container,bandwidth,bandwidth_MBps,2097152,5967.20
5,container,bandwidth,bandwidth_MBps,4194304,6102.04
