build	1626064
strong_native_P1	1626075
strong_container_P1	1626125
strong_native_P2	1626315
strong_native_P4	1626316
strong_native_P8	1626317
strong_container_P2	1626557
strong_container_P4	1626558
strong_container_P8	1626559
strong_container_P16	1626777
strong_container_P32	1626778
strong_native_P16	1637196
strong_native_P32	1637197
weak_native_P1	1637418
weak_native_P2	1637420
weak_native_P4	1637421
weak_native_P8	1637422
weak_native_P16	1637490
weak_container_P1	1641720
weak_container_P2	1641722
weak_container_P4	1641723
weak_container_P8	1642283
weak_container_P16	1642284
launch_overhead	
launch_overhead	1643782
osu	1643783
