00_build_vec	1625040	/u/dssc/emmadariol/HPC_exam/Nbody_serial/runs/orfeo_clean_20260911_201715/00_build_vec
01_probe	1625041	/u/dssc/emmadariol/HPC_exam/Nbody_serial/runs/orfeo_clean_20260911_201715/01_probe
02_scaling	1625042	/u/dssc/emmadariol/HPC_exam/Nbody_serial/runs/orfeo_clean_20260911_201715/02_scaling
03_hybrid	1625043	/u/dssc/emmadariol/HPC_exam/Nbody_serial/runs/orfeo_clean_20260911_201715/03_hybrid
04_ablation	1625044	/u/dssc/emmadariol/HPC_exam/Nbody_serial/runs/orfeo_clean_20260911_201715/04_ablation
05_evidence	1625045	/u/dssc/emmadariol/HPC_exam/Nbody_serial/runs/orfeo_clean_20260911_201715/05_evidence
06_memory	1625046	/u/dssc/emmadariol/HPC_exam/Nbody_serial/runs/orfeo_clean_20260911_201715/06_memory
07_arch	1625047	/u/dssc/emmadariol/HPC_exam/Nbody_serial/runs/orfeo_clean_20260911_201715/07_arch
08_container	1625048	/u/dssc/emmadariol/HPC_exam/Nbody_serial/runs/orfeo_clean_20260911_201715/08_container
09_osu	1625049	/u/dssc/emmadariol/HPC_exam/Nbody_serial/runs/orfeo_clean_20260911_201715/09_osu
