kind,mode,N,ranks,threads,repeat,total,status,max_rel_drift
strong,native,20000,1,1,1,31.156216,OK,9.0033941297671037e-08
strong,container,20000,1,1,1,32.062622,OK,9.0033941297671037e-08
weak,native,2000,1,1,1,0.311519,OK,9.0687891230367855e-08
weak,container,2000,1,1,1,0.321067,OK,9.0687891230367855e-08
strong,native,20000,1,1,2,31.155881,OK,6.2464734779829828e-08
strong,container,20000,1,1,2,32.062005,OK,6.2464734779829828e-08
weak,native,2000,1,1,2,0.310242,OK,1.6098794321079692e-07
weak,container,2000,1,1,2,0.320814,OK,1.6098794321079692e-07
strong,native,20000,1,1,3,31.161609,OK,9.66646353903577e-08
strong,container,20000,1,1,3,32.056541,OK,9.66646353903577e-08
weak,native,2000,1,1,3,0.311121,OK,1.9147915382963327e-07
weak,container,2000,1,1,3,0.320931,OK,1.9147915382963327e-07
strong,native,20000,1,1,4,31.157367,OK,1.3600818726233145e-07
strong,container,20000,1,1,4,32.053801,OK,1.3600818726233145e-07
weak,native,2000,1,1,4,0.310197,OK,6.663516157363373e-08
weak,container,2000,1,1,4,0.321816,OK,6.663516157363373e-08
strong,native,20000,1,1,5,31.157999,OK,2.3467126247132587e-07
strong,container,20000,1,1,5,32.052924,OK,2.3467126247132587e-07
weak,native,2000,1,1,5,0.310261,OK,1.616062558073215e-07
weak,container,2000,1,1,5,0.321330,OK,1.616062558073215e-07
strong,native,20000,2,1,1,16.071798,OK,9.0033940785783735e-08
strong,container,20000,2,1,1,nan,RUN_FAILED,nan
weak,native,4000,2,1,1,0.644613,OK,8.2763912087824304e-08
weak,container,4000,2,1,1,nan,RUN_FAILED,nan
strong,native,20000,2,1,2,16.071346,OK,6.2464735033933452e-08
strong,container,20000,2,1,2,nan,RUN_FAILED,nan
weak,native,4000,2,1,2,0.642275,OK,4.2616348547571881e-08
weak,container,4000,2,1,2,nan,RUN_FAILED,nan
strong,native,20000,2,1,3,16.062326,OK,9.6664635390357713e-08
strong,container,20000,2,1,3,nan,RUN_FAILED,nan
weak,native,4000,2,1,3,0.642239,OK,1.6533983608100323e-07
weak,container,4000,2,1,3,nan,RUN_FAILED,nan
strong,native,20000,2,1,4,16.067388,OK,1.3600818675307174e-07
strong,container,20000,2,1,4,nan,RUN_FAILED,nan
weak,native,4000,2,1,4,0.644135,OK,4.3753067656352721e-08
weak,container,4000,2,1,4,nan,RUN_FAILED,nan
strong,native,20000,2,1,5,16.070698,OK,2.3467126272969394e-07
strong,container,20000,2,1,5,nan,RUN_FAILED,nan
weak,native,4000,2,1,5,0.642357,OK,9.7179563911037394e-08
weak,container,4000,2,1,5,nan,RUN_FAILED,nan
strong,native,20000,4,1,1,8.146404,OK,9.0033941041727379e-08
strong,container,20000,4,1,1,nan,RUN_FAILED,nan
weak,native,8000,4,1,1,1.309819,OK,1.4546839723138055e-07
weak,container,8000,4,1,1,nan,RUN_FAILED,nan
strong,native,20000,4,1,2,8.154864,OK,6.2464734779829828e-08
strong,container,20000,4,1,2,nan,RUN_FAILED,nan
weak,native,8000,4,1,2,1.306564,OK,2.2427632804977239e-07
weak,container,8000,4,1,2,nan,RUN_FAILED,nan
strong,native,20000,4,1,3,8.148647,OK,9.6664635390357713e-08
strong,container,20000,4,1,3,nan,RUN_FAILED,nan
weak,native,8000,4,1,3,1.309698,OK,3.1784950396794505e-07
weak,container,8000,4,1,3,nan,RUN_FAILED,nan
strong,native,20000,4,1,4,8.139716,OK,1.3600818649844183e-07
strong,container,20000,4,1,4,nan,RUN_FAILED,nan
weak,native,8000,4,1,4,1.311605,OK,3.8694403482805583e-07
weak,container,8000,4,1,4,nan,RUN_FAILED,nan
strong,native,20000,4,1,5,8.140137,OK,2.34671262729694e-07
strong,container,20000,4,1,5,nan,RUN_FAILED,nan
weak,native,8000,4,1,5,1.309472,OK,1.1356332219884261e-07
weak,container,8000,4,1,5,nan,RUN_FAILED,nan
strong,native,20000,8,1,1,4.113310,OK,9.0033941041727379e-08
strong,container,20000,8,1,1,nan,RUN_FAILED,nan
weak,native,16000,8,1,1,2.637609,OK,1.8345295069350362e-07
weak,container,16000,8,1,1,nan,RUN_FAILED,nan
strong,native,20000,8,1,2,4.113615,OK,6.2464734779829815e-08
strong,container,20000,8,1,2,nan,RUN_FAILED,nan
weak,native,16000,8,1,2,2.648502,OK,1.7690692944007887e-07
weak,container,16000,8,1,2,nan,RUN_FAILED,nan
strong,native,20000,8,1,3,4.114855,OK,9.6664635643582342e-08
strong,container,20000,8,1,3,nan,RUN_FAILED,nan
weak,native,16000,8,1,3,2.638194,OK,1.0559033622267246e-07
weak,container,16000,8,1,3,nan,RUN_FAILED,nan
strong,native,20000,8,1,4,4.116570,OK,1.3600818649844183e-07
strong,container,20000,8,1,4,nan,RUN_FAILED,nan
weak,native,16000,8,1,4,2.639008,OK,7.0042761539957716e-08
weak,container,16000,8,1,4,nan,RUN_FAILED,nan
strong,native,20000,8,1,5,4.113775,OK,2.3467126247132587e-07
strong,container,20000,8,1,5,nan,RUN_FAILED,nan
weak,native,16000,8,1,5,2.636564,OK,2.3587576430703335e-07
weak,container,16000,8,1,5,nan,RUN_FAILED,nan
strong,native,20000,16,1,1,2.090161,OK,9.0033941041727379e-08
strong,container,20000,16,1,1,nan,RUN_FAILED,nan
weak,native,32000,16,1,1,5.299695,OK,2.5289702455244368e-07
weak,container,32000,16,1,1,nan,RUN_FAILED,nan
strong,native,20000,16,1,2,2.087590,OK,6.2464735033933452e-08
strong,container,20000,16,1,2,nan,RUN_FAILED,nan
weak,native,32000,16,1,2,5.299192,OK,1.0680088462541795e-07
weak,container,32000,16,1,2,nan,RUN_FAILED,nan
strong,native,20000,16,1,3,2.088189,OK,9.6664635643582342e-08
strong,container,20000,16,1,3,nan,RUN_FAILED,nan
weak,native,32000,16,1,3,5.298750,OK,2.0326453523335596e-07
weak,container,32000,16,1,3,nan,RUN_FAILED,nan
strong,native,20000,16,1,4,2.088682,OK,1.3600818649844183e-07
strong,container,20000,16,1,4,nan,RUN_FAILED,nan
weak,native,32000,16,1,4,5.308502,OK,8.7645335824555551e-08
weak,container,32000,16,1,4,nan,RUN_FAILED,nan
strong,native,20000,16,1,5,2.088953,OK,2.3467126247132587e-07
strong,container,20000,16,1,5,nan,RUN_FAILED,nan
weak,native,32000,16,1,5,5.296045,OK,1.8649236117944913e-07
weak,container,32000,16,1,5,nan,RUN_FAILED,nan
